Architecture,category
Art & Illustration,category
Business & Corporate,category
Culture & Education,category
Design Agencies,category
E-Commerce,category
Events,category
Experimental,category
Fashion,category
Film & TV,category
Food & Drink,category
Games & Entertainment,category
Hotel / Restaurant,category
Institutions,category
Magazine / Newspaper / Blog,category
Mobile & Apps,category
Music & Sound,category
Other,category
Photography,category
Promotional,category
Real Estate,category
Sports,category
Startups,category
Technology,category
Web & Interactive,category
360,tag
3D,tag
404 pages,tag
About Page,tag
Animation,tag
App Style,tag
Big Background Images,tag
Clean,tag
Colorful,tag
Contact Page,tag
Content architecture,tag
Contentful,tag
Copy design,tag
Data Visualization,tag
Filters and Effects,tag
Flat Design,tag
Footer Design,tag
Forms and Input,tag
Fullscreen,tag
Gallery,tag
Gestures / Interaction,tag
Graphic design,tag
Header Design,tag
Horizontal Layout,tag
Icons,tag
Illustration,tag
Infinite Scroll,tag
Interaction Design,tag
Menu - Horizontal,tag
Menu - Vertical,tag
Microinteractions,tag
Minimal,tag
Navigation Menu,tag,navigation
Parallax,tag
Photo & Video,tag
Photography,tag
Portfolio,tag
Project Page,tag
Responsive,tag
Responsive Design,tag
Retro,tag
SEO,tag,seo-1
Scrolling,tag
Single page,tag
Social Integration,tag
Sound-Audio,tag
Storytelling,tag
Transitions,tag
Typography,tag
UI design,tag
Unusual Navigation,tag
Vector,tag
Video,tag
Web Fonts,tag
next.js,tag
11ty,technology
After Effects,technology
AngularJS,technology
Anime.js,technology
BARBA.js,technology
Backbone.js,technology
Bootstrap,technology
CSS3,technology
Cables,technology
Canvas API,technology
Craft CMS,technology
CreateJS,technology
Curtains.js,technology
D3,technology
Debian,technology
Demandware,technology
Directus,technology
Drupal,technology
Express,technology
FastClick,technology
Figma,technology
Firebase,technology
Font Awesome,technology
Framer Motion,technology
GLSL,technology
GSAP Animation,technology
Gatsby,technology
Go,technology
Google App Engine,technology
Google Font API,technology
GraphQL,technology
HTML5,technology
Hammer.JS,technology
Handlebars,technology
Highway.js,technology
Hugo,technology
Ink,technology
Javascript,technology
Knockout,technology
Laravel,technology
Lo-dash,technology
Locomotive Scroll,technology
Lottie,technology
Magento,technology
Matter.js,technology
MediaElement.js,technology
Modernizr,technology
Neos CMS,technology
Netlify,technology
Next.js,technology
Nginx,technology
Node.js,technology
Nuxt.js,technology
OWL Carousel,technology
Optimizely,technology
P5.js,technology
PHP,technology
PWA,technology
PixiJS,technology
Prismic,technology
Raphael.js,technology
React,technology
ReadyMag,technology
Redux,technology
RequireJS,technology
Reveal.js,technology
Ruby,technology
SVG,technology
Sanity,technology
Shopify,technology
Sketch App,technology
Skrollr.js,technology
Snap.svg,technology
Socket.io,technology
Spin.js,technology
Svelte,technology
Tailwind CSS,technology
Three.js,technology
Tilda,technology
Timber,technology
Twitter API,technology
Typekit,technology
Underscore.js,technology
Unity,technology
Unreal Engine,technology
VR,technology
Vanilla JS,technology
Varnish,technology
Velocity.js,technology
Vercel,technology
VideoJS,technology
Vue.js,technology
WebGL,technology
WebSockets,technology
WebVR,technology
Webflow,technology
Webpack,technology
WooCommerce,technology
Wordpress,technology
Yepnope,technology
YouTube API,technology
Zepto,technology
jQuery,technology
jQuery Mobile,technology
jQuery UI,technology
tween.js,technology
Black,color
Blue,color
Brown,color
Green,color
Orange,color
Pink,color
Red,color
Silver,color
White,color
Yellow,color
United States,country
France,country
United Kingdom,country
Italy,country
Netherlands,country
Canada,country
Germany,country
Russia,country
Australia,country
Japan,country
Spain,country
Poland,country
Ukraine,country
Denmark,country
Switzerland,country
Belgium,country
Sweden,country
Brazil,country
Austria,country
New Zealand,country
Portugal,country
Czech Republic,country
Norway,country
Greece,country
Argentina,country
India,country
Croatia,country
Turkey,country
Israel,country
Singapore,country
Serbia,country
Romania,country
South Africa,country
Lithuania,country
Mexico,country
Slovakia,country
United Arab Emirates,country
South Korea,country
China,country
Taiwan,country
Hong Kong - Macau,country
Finland,country
Latvia,country
Ireland,country
Bulgaria,country
Slovenia,country
Chile,country
Colombia,country
Estonia,country
Armenia,country
Philippines,country
Hungary,country
Indonesia,country
Luxembourg,country
Georgia,country
Vietnam,country
Malta,country
Belarus,country
Egypt,country
Malaysia,country
Iceland,country
Iran,country
Ecuador,country
Morocco,country
Uruguay,country
Thailand,country
Cyprus,country
Macedonia F.Y.R.O,country
Lebanon,country
Peru,country
Nigeria,country
Venezuela,country
Pakistan,country
Kosovo,country
Bangladesh,country
Kazakhstan,country
Saudi Arabia,country
Moldova,country
Sri Lanka,country
Qatar,country
Costa Rica,country
Tanzania,country
Guernsey,country
Jordan,country
New Caledonia,country
Kenya,country
Andorra,country
Paraguay,country
Honduras,country
Montenegro,country
Mozambique,country
Guatemala,country
French Polynesia,country
Cuba,country
Namibia,country
Bolivia,country
Bahrain,country
Azerbaijan,country
Algeria,country