Architecture,category,architecture
Art & Illustration,category,art-illustration
Business & Corporate,category,business-corporate
Culture & Education,category,culture-education
Design Agencies,category,design-agencies
E-Commerce,category,e-commerce
Events,category,events
Experimental,category,experimental
Fashion,category,fashion
Film & TV,category,film-tv
Food & Drink,category,food-drink
Games & Entertainment,category,games-entertainment
Hotel / Restaurant,category,hotel-restaurant
Institutions,category,institutions
Magazine / Newspaper / Blog,category,magazine-newspaper-blog
Mobile & Apps,category,mobile-apps
Music & Sound,category,music-sound
Other,category,other
Photography,category,photography
Promotional,category,promotional
Real Estate,category,real-estate
Sports,category,sports
Startups,category,startups
Technology,category,technology
Web & Interactive,category,web-interactive
360,tag,360
3D,tag,3d
404 pages,tag,404-pages
About Page,tag,about-page
Animation,tag,animation
App Style,tag,app-style
Big Background Images,tag,big-background-images
Clean,tag,clean
Colorful,tag,colorful
Contact Page,tag,contact-page
Content architecture,tag,content-architecture
Contentful,tag,contentful
Copy design,tag,copy-design
Data Visualization,tag,data-visualization
Filters and Effects,tag,filters-and-effects
Flat Design,tag,flat-design
Footer Design,tag,footer-design
Forms and Input,tag,forms-and-input
Fullscreen,tag,fullscreen
Gallery,tag,gallery
Gestures / Interaction,tag,gestures-interaction
Graphic design,tag,graphic-design
Header Design,tag,header-design
Horizontal Layout,tag,horizontal-layout
Icons,tag,icons
Illustration,tag,illustration
Infinite Scroll,tag,infinite-scroll
Interaction Design,tag,interaction-design
Menu - Horizontal,tag,menu-horizontal
Menu - Vertical,tag,menu-vertical
Microinteractions,tag,microinteractions
Minimal,tag,minimal
Navigation Menu,tag,navigation
Parallax,tag,parallax
Photo & Video,tag,photo-video
Photography,tag,photography
Portfolio,tag,portfolio
Project Page,tag,project-page
Responsive,tag,responsive
Responsive Design,tag,responsive-design
Retro,tag,retro
SEO,tag,seo-1
Scrolling,tag,scrolling
Single page,tag,single-page
Social Integration,tag,social-integration
Sound-Audio,tag,sound-audio
Storytelling,tag,storytelling
Transitions,tag,transitions
Typography,tag,typography
UI design,tag,ui-design
Unusual Navigation,tag,unusual-navigation
Vector,tag,vector
Video,tag,video
Web Fonts,tag,web-fonts
next.js,tag,next-js
11ty,technology,11ty
After Effects,technology,after-effects
AngularJS,technology,angularjs
Anime.js,technology,anime-js
BARBA.js,technology,barba-js
Backbone.js,technology,backbone-js
Bootstrap,technology,bootstrap
CSS3,technology,css3
Cables,technology,cables
Canvas API,technology,canvas-api
Craft CMS,technology,craft-cms
CreateJS,technology,createjs
Curtains.js,technology,curtains-js
D3,technology,d3
Debian,technology,debian
Demandware,technology,demandware
Directus,technology,directus
Drupal,technology,drupal
Express,technology,express
FastClick,technology,fastclick
Figma,technology,figma
Firebase,technology,firebase
Font Awesome,technology,font-awesome
Framer Motion,technology,framer-motion
GLSL,technology,glsl
GSAP Animation,technology,gsap-animation
Gatsby,technology,gatsby
Go,technology,go
Google App Engine,technology,google-app-engine
Google Font API,technology,google-font-api
GraphQL,technology,graphql
HTML5,technology,html5
Hammer.JS,technology,hammer-js
Handlebars,technology,handlebars
Highway.js,technology,highway-js
Hugo,technology,hugo
Ink,technology,ink
Javascript,technology,javascript
Knockout,technology,knockout
Laravel,technology,laravel
Lo-dash,technology,lo-dash
Locomotive Scroll,technology,locomotive-scroll
Lottie,technology,lottie
Magento,technology,magento
Matter.js,technology,matter-js
MediaElement.js,technology,mediaelement-js
Modernizr,technology,modernizr
Neos CMS,technology,neos-cms
Netlify,technology,netlify
Next.js,technology,next-js
Nginx,technology,nginx
Node.js,technology,node-js
Nuxt.js,technology,nuxt-js
OWL Carousel,technology,owl-carousel
Optimizely,technology,optimizely
P5.js,technology,p5-js
PHP,technology,php
PWA,technology,pwa
PixiJS,technology,pixijs
Prismic,technology,prismic
Raphael.js,technology,raphael-js
React,technology,react
ReadyMag,technology,readymag
Redux,technology,redux
RequireJS,technology,requirejs
Reveal.js,technology,reveal-js
Ruby,technology,ruby
SVG,technology,svg
Sanity,technology,sanity
Shopify,technology,shopify
Sketch App,technology,sketch-app
Skrollr.js,technology,skrollr-js
Snap.svg,technology,snap-svg
Socket.io,technology,socket-io
Spin.js,technology,spin-js
Svelte,technology,svelte
Tailwind CSS,technology,tailwind-css
Three.js,technology,three-js
Tilda,technology,tilda
Timber,technology,timber
Twitter API,technology,twitter-api
Typekit,technology,typekit
Underscore.js,technology,underscore-js
Unity,technology,unity
Unreal Engine,technology,unreal-engine
VR,technology,vr
Vanilla JS,technology,vanilla-js
Varnish,technology,varnish
Velocity.js,technology,velocity-js
Vercel,technology,vercel
VideoJS,technology,videojs
Vue.js,technology,vue-js
WebGL,technology,webgl
WebSockets,technology,websockets
WebVR,technology,webvr
Webflow,technology,webflow
Webpack,technology,webpack
WooCommerce,technology,woocommerce
Wordpress,technology,wordpress
Yepnope,technology,yepnope
YouTube API,technology,youtube-api
Zepto,technology,zepto
jQuery,technology,jquery
jQuery Mobile,technology,jquery-mobile
jQuery UI,technology,jquery-ui
tween.js,technology,tween-js
Black,color,black
Blue,color,blue
Brown,color,brown
Green,color,green
Orange,color,orange
Pink,color,pink
Red,color,red
Silver,color,silver
White,color,white
Yellow,color,yellow
United States,country,United States
France,country,France
United Kingdom,country,United Kingdom
Italy,country,Italy
Netherlands,country,Netherlands
Canada,country,Canada
Germany,country,Germany
Russia,country,Russia
Australia,country,Australia
Japan,country,Japan
Spain,country,Spain
Poland,country,Poland
Ukraine,country,Ukraine
Denmark,country,Denmark
Switzerland,country,Switzerland
Belgium,country,Belgium
Sweden,country,Sweden
Brazil,country,Brazil
Austria,country,Austria
New Zealand,country,New Zealand
Portugal,country,Portugal
Czech Republic,country,Czech Republic
Norway,country,Norway
Greece,country,Greece
Argentina,country,Argentina
India,country,India
Croatia,country,Croatia
Turkey,country,Turkey
Israel,country,Israel
Singapore,country,Singapore
Serbia,country,Serbia
Romania,country,Romania
South Africa,country,South Africa
Lithuania,country,Lithuania
Mexico,country,Mexico
Slovakia,country,Slovakia
United Arab Emirates,country,United Arab Emirates
South Korea,country,South Korea
China,country,China
Taiwan,country,Taiwan
Hong Kong - Macau,country,Hong Kong - Macau
Finland,country,Finland
Latvia,country,Latvia
Ireland,country,Ireland
Bulgaria,country,Bulgaria
Slovenia,country,Slovenia
Chile,country,Chile
Colombia,country,Colombia
Estonia,country,Estonia
Armenia,country,Armenia
Philippines,country,Philippines
Hungary,country,Hungary
Indonesia,country,Indonesia
Luxembourg,country,Luxembourg
Georgia,country,Georgia
Vietnam,country,Vietnam
Malta,country,Malta
Belarus,country,Belarus
Egypt,country,Egypt
Malaysia,country,Malaysia
Iceland,country,Iceland
Iran,country,Iran
Ecuador,country,Ecuador
Morocco,country,Morocco
Uruguay,country,Uruguay
Thailand,country,Thailand
Cyprus,country,Cyprus
Macedonia F.Y.R.O,country,Macedonia F.Y.R.O
Lebanon,country,Lebanon
Peru,country,Peru
Nigeria,country,Nigeria
Venezuela,country,Venezuela
Pakistan,country,Pakistan
Kosovo,country,Kosovo
Bangladesh,country,Bangladesh
Kazakhstan,country,Kazakhstan
Saudi Arabia,country,Saudi Arabia
Moldova,country,Moldova
Sri Lanka,country,Sri Lanka
Qatar,country,Qatar
Costa Rica,country,Costa Rica
Tanzania,country,Tanzania
Guernsey,country,Guernsey
Jordan,country,Jordan
New Caledonia,country,New Caledonia
Kenya,country,Kenya
Andorra,country,Andorra
Paraguay,country,Paraguay
Honduras,country,Honduras
Montenegro,country,Montenegro
Mozambique,country,Mozambique
Guatemala,country,Guatemala
French Polynesia,country,French Polynesia
Cuba,country,Cuba
Namibia,country,Namibia
Bolivia,country,Bolivia
Bahrain,country,Bahrain
Azerbaijan,country,Azerbaijan
Algeria,country,Algeria
